submission-id,date,url,tag
3643,08/06/2017,/rails/active_storage/blobs/eyJfcmFpbHMiOnsibWVzc2FnZSI6IkJBaHBBaFFPIiwiZXhwIjpudWxsLCJwdXIiOiJibG9iX2lkIn19--f43ce66e71fabbad9b06181523613fe262ab77f7/animage.jpg,extensive
1991,21/06/2017,/rails/active_storage/blobs/eyJfcmFpbHMiOnsibWVzc2FnZSI6IkJBaHBBcDhIIiwiZXhwIjpudWxsLCJwdXIiOiJibG9iX2lkIn19--96ea0f13b2b4c9cca56579c11e98a2d5718f0660/animage.jpg,none
1988,25/06/2017,/rails/active_storage/blobs/eyJfcmFpbHMiOnsibWVzc2FnZSI6IkJBaHBBcHdIIiwiZXhwIjpudWxsLCJwdXIiOiJibG9iX2lkIn19--48d13de9ee060efa7755da2b7721e7360b42d3a7/animage.jpg,minimal
1986,28/06/2017,/rails/active_storage/blobs/eyJfcmFpbHMiOnsibWVzc2FnZSI6IkJBaHBBcG9IIiwiZXhwIjpudWxsLCJwdXIiOiJibG9iX2lkIn19--7a395870fc329f5faaa32472535402ba2b581a7e/animage.jpg,none
1987,28/06/2017,/rails/active_storage/blobs/eyJfcmFpbHMiOnsibWVzc2FnZSI6IkJBaHBBcHNIIiwiZXhwIjpudWxsLCJwdXIiOiJibG9iX2lkIn19--bc0a76b07162e10f8be85b8d7104b1af8f00967d/animage.jpg
1984,02/07/2017,/rails/active_storage/blobs/eyJfcmFpbHMiOnsibWVzc2FnZSI6IkJBaHBBcGdIIiwiZXhwIjpudWxsLCJwdXIiOiJibG9iX2lkIn19--826872fee30d9951a0f0f2c47f061f4915409040/animage.jpg,none
1982,06/07/2017,/rails/active_storage/blobs/eyJfcmFpbHMiOnsibWVzc2FnZSI6IkJBaHBBcFlIIiwiZXhwIjpudWxsLCJwdXIiOiJibG9iX2lkIn19--86e5a3f24d47816106454deabaf592087434c289/animage.jpg,none
3597,09/07/2017,/rails/active_storage/blobs/eyJfcmFpbHMiOnsibWVzc2FnZSI6IkJBaHBBdVlOIiwiZXhwIjpudWxsLCJwdXIiOiJibG9iX2lkIn19--f20fca7c86b60bc69527530207cad5001cb23a92/animage.jpg,none
1979,10/07/2017,/rails/active_storage/blobs/eyJfcmFpbHMiOnsibWVzc2FnZSI6IkJBaHBBcE1IIiwiZXhwIjpudWxsLCJwdXIiOiJibG9iX2lkIn19--dee572d3bdc6df719f6a9432fbc01f091b7e0d5e/animage.jpg,none
3590,13/07/2017,/rails/active_storage/blobs/eyJfcmFpbHMiOnsibWVzc2FnZSI6IkJBaHBBdDROIiwiZXhwIjpudWxsLCJwdXIiOiJibG9iX2lkIn19--8e446188e399c5ffcd2b1bc2ea8eff39ebf9550c/animage.jpg,none
1978,14/07/2017,/rails/active_storage/blobs/eyJfcmFpbHMiOnsibWVzc2FnZSI6IkJBaHBBcElIIiwiZXhwIjpudWxsLCJwdXIiOiJibG9iX2lkIn19--46dbbe3b4979065256131a8d36bbba2a9b559e3e/animage.jpg,none
1977,14/07/2017,/rails/active_storage/blobs/eyJfcmFpbHMiOnsibWVzc2FnZSI6IkJBaHBBcEVIIiwiZXhwIjpudWxsLCJwdXIiOiJibG9iX2lkIn19--e15814abca52281bf6c220857bc05782710bee73/animage.jpg,none
1972,16/07/2017,/rails/active_storage/blobs/eyJfcmFpbHMiOnsibWVzc2FnZSI6IkJBaHBBb3dIIiwiZXhwIjpudWxsLCJwdXIiOiJibG9iX2lkIn19--687814b2ca6a1524d1747acb2fd166d51cc91b9b/animage.jpg,minimal
1971,16/07/2017,/rails/active_storage/blobs/eyJfcmFpbHMiOnsibWVzc2FnZSI6IkJBaHBBb3NIIiwiZXhwIjpudWxsLCJwdXIiOiJibG9iX2lkIn19--74e1e2c5be758d3c166d587a375f1fc8b06604b9/animage.jpg,minimal
3553,01/08/2017,/rails/active_storage/blobs/eyJfcmFpbHMiOnsibWVzc2FnZSI6IkJBaHBBcm9OIiwiZXhwIjpudWxsLCJwdXIiOiJibG9iX2lkIn19--75e0af1279580a3390f9f9d8cf7b764dc63064f1/animage.jpg,substantial
1957,04/08/2017,/rails/active_storage/blobs/eyJfcmFpbHMiOnsibWVzc2FnZSI6IkJBaHBBbjBIIiwiZXhwIjpudWxsLCJwdXIiOiJibG9iX2lkIn19--fc22bb2e52c83cfa0130a4a9b4ad0a2ba8923c0e/animage.jpg,a lot
1956,05/08/2017,/rails/active_storage/blobs/eyJfcmFpbHMiOnsibWVzc2FnZSI6IkJBaHBBbndIIiwiZXhwIjpudWxsLCJwdXIiOiJibG9iX2lkIn19--4bea7ec117633abe7a6d98a19c567c1a6ffb553d/animage.jpg,a lot
3603,09/08/2017,/rails/active_storage/blobs/eyJfcmFpbHMiOnsibWVzc2FnZSI6IkJBaHBBdXdOIiwiZXhwIjpudWxsLCJwdXIiOiJibG9iX2lkIn19--a7e9e591425c9e6f59e552f2d52a6be217743b8e/animage.jpg
3610,10/08/2017,/rails/active_storage/blobs/eyJfcmFpbHMiOnsibWVzc2FnZSI6IkJBaHBBdklOIiwiZXhwIjpudWxsLCJwdXIiOiJibG9iX2lkIn19--ff6af38fde25403ee53435f87c81f75db1a98f51/animage.jpg,a lot
3595,10/08/2017,/rails/active_storage/blobs/eyJfcmFpbHMiOnsibWVzc2FnZSI6IkJBaHBBdVFOIiwiZXhwIjpudWxsLCJwdXIiOiJibG9iX2lkIn19--328c23c8dd82f36944a571fea247a47e1abcd166/animage.jpg,minimal
1954,11/08/2017,/rails/active_storage/blobs/eyJfcmFpbHMiOnsibWVzc2FnZSI6IkJBaHBBbm9IIiwiZXhwIjpudWxsLCJwdXIiOiJibG9iX2lkIn19--cda78a1b12e6c50914e6fb566adc6ab17a587af9/animage.jpg,minimal
1952,12/08/2017,/rails/active_storage/blobs/eyJfcmFpbHMiOnsibWVzc2FnZSI6IkJBaHBBbmdIIiwiZXhwIjpudWxsLCJwdXIiOiJibG9iX2lkIn19--f52f54761ee15d7c970e7e4061f06f637f42263f/animage.jpg,minimal
3482,13/08/2017,/rails/active_storage/blobs/eyJfcmFpbHMiOnsibWVzc2FnZSI6IkJBaHBBbklOIiwiZXhwIjpudWxsLCJwdXIiOiJibG9iX2lkIn19--284d5d983daa696fc9ba38b3602a3bcf504ec99a/animage.jpg,none
1951,13/08/2017,/rails/active_storage/blobs/eyJfcmFpbHMiOnsibWVzc2FnZSI6IkJBaHBBbmNIIiwiZXhwIjpudWxsLCJwdXIiOiJibG9iX2lkIn19--2e8ca296d9596b8e4ac796c0fbc999847949b272/animage.jpg,minimal
1950,15/08/2017,/rails/active_storage/blobs/eyJfcmFpbHMiOnsibWVzc2FnZSI6IkJBaHBBbllIIiwiZXhwIjpudWxsLCJwdXIiOiJibG9iX2lkIn19--6af729a6d2ea64f91bfc5fb22fba470e2ff046e4/animage.jpg,a lot
1949,15/08/2017,/rails/active_storage/blobs/eyJfcmFpbHMiOnsibWVzc2FnZSI6IkJBaHBBblVIIiwiZXhwIjpudWxsLCJwdXIiOiJibG9iX2lkIn19--37aea61fe7b5c7eda20043abe9900102acdba74a/animage.jpg,substantial
1947,17/08/2017,/rails/active_storage/blobs/eyJfcmFpbHMiOnsibWVzc2FnZSI6IkJBaHBBbk1IIiwiZXhwIjpudWxsLCJwdXIiOiJibG9iX2lkIn19--c0a6f820b43e41c701e77a9387da3935920f5a3e/animage.jpg,substantial
3478,17/08/2017,/rails/active_storage/blobs/eyJfcmFpbHMiOnsibWVzc2FnZSI6IkJBaHBBbTROIiwiZXhwIjpudWxsLCJwdXIiOiJibG9iX2lkIn19--be86e72e6d85b2e0b74029957ba14fde0d0be80d/animage.jpg,substantial
1943,20/08/2017,/rails/active_storage/blobs/eyJfcmFpbHMiOnsibWVzc2FnZSI6IkJBaHBBbThIIiwiZXhwIjpudWxsLCJwdXIiOiJibG9iX2lkIn19--324aa24f6d4000d66e9e8bfe26c99a492dc2934f/animage.jpg,substantial
1944,20/08/2017,/rails/active_storage/blobs/eyJfcmFpbHMiOnsibWVzc2FnZSI6IkJBaHBBbkFIIiwiZXhwIjpudWxsLCJwdXIiOiJibG9iX2lkIn19--f726b6dbb151a32bf566ceef720f921a620fdd18/animage.jpg
3516,26/08/2017,/rails/active_storage/blobs/eyJfcmFpbHMiOnsibWVzc2FnZSI6IkJBaHBBcFFOIiwiZXhwIjpudWxsLCJwdXIiOiJibG9iX2lkIn19--5603df7a75ebe5360e539f0801dc63ff8261e7a7/animage.jpg,a lot
2094,27/08/2017,/rails/active_storage/blobs/eyJfcmFpbHMiOnsibWVzc2FnZSI6IkJBaHBBZ1lJIiwiZXhwIjpudWxsLCJwdXIiOiJibG9iX2lkIn19--a8c285dea747bbc31410e4ea5bb2958d3f0110ec/animage.jpg,a lot
2093,29/08/2017,/rails/active_storage/blobs/eyJfcmFpbHMiOnsibWVzc2FnZSI6IkJBaHBBZ1VJIiwiZXhwIjpudWxsLCJwdXIiOiJibG9iX2lkIn19--ec4b56e119814ba8cd3f1f93f8fa37b86c377862/animage.jpg,a lot
2090,29/08/2017,/rails/active_storage/blobs/eyJfcmFpbHMiOnsibWVzc2FnZSI6IkJBaHBBZ0lJIiwiZXhwIjpudWxsLCJwdXIiOiJibG9iX2lkIn19--ed19b5cb3b4645549fe3decbca585ab50fdfe2db/animage.jpg,substantial
2088,30/08/2017,/rails/active_storage/blobs/eyJfcmFpbHMiOnsibWVzc2FnZSI6IkJBaHBBZ0FJIiwiZXhwIjpudWxsLCJwdXIiOiJibG9iX2lkIn19--91ceb15be6308d46eefd403904057e07226e7c9a/animage.jpg,minimal
3474,31/08/2017,/rails/active_storage/blobs/eyJfcmFpbHMiOnsibWVzc2FnZSI6IkJBaHBBbW9OIiwiZXhwIjpudWxsLCJwdXIiOiJibG9iX2lkIn19--c986f8edac971b1e8a8c03b8160b6d82a2a1d50b/animage.jpg,substantial
3485,05/09/2017,/rails/active_storage/blobs/eyJfcmFpbHMiOnsibWVzc2FnZSI6IkJBaHBBbllOIiwiZXhwIjpudWxsLCJwdXIiOiJibG9iX2lkIn19--59070c2db44e39321cbda49f05a9c711f0b8f39f/animage.jpg,substantial
2082,17/09/2017,/rails/active_storage/blobs/eyJfcmFpbHMiOnsibWVzc2FnZSI6IkJBaHBBdm9IIiwiZXhwIjpudWxsLCJwdXIiOiJibG9iX2lkIn19--19e145d27574208322086bab27519bc8965fda66/animage.jpg,a lot
2081,17/09/2017,/rails/active_storage/blobs/eyJfcmFpbHMiOnsibWVzc2FnZSI6IkJBaHBBdmtIIiwiZXhwIjpudWxsLCJwdXIiOiJibG9iX2lkIn19--29fc1ede4987f1e6e9a2ebdf3e2f1af1108f45f8/animage.jpg,a lot
2080,17/09/2017,/rails/active_storage/blobs/eyJfcmFpbHMiOnsibWVzc2FnZSI6IkJBaHBBdmdIIiwiZXhwIjpudWxsLCJwdXIiOiJibG9iX2lkIn19--e6e3438fc6f6183894945ea95778d8c0e78a7f55/animage.jpg,a lot
2076,18/09/2017,/rails/active_storage/blobs/eyJfcmFpbHMiOnsibWVzc2FnZSI6IkJBaHBBdlFIIiwiZXhwIjpudWxsLCJwdXIiOiJibG9iX2lkIn19--aec7b4e3e95e404fa643d39c455a45f158d00710/animage.jpg,substantial
2077,18/09/2017,/rails/active_storage/blobs/eyJfcmFpbHMiOnsibWVzc2FnZSI6IkJBaHBBdlVIIiwiZXhwIjpudWxsLCJwdXIiOiJibG9iX2lkIn19--06994c1f66529270b9978adb07845c1e7209e7f1/animage.jpg,minimal
3336,22/09/2017,/rails/active_storage/blobs/eyJfcmFpbHMiOnsibWVzc2FnZSI6IkJBaHBBdUFNIiwiZXhwIjpudWxsLCJwdXIiOiJibG9iX2lkIn19--20a4fed2977b82fc43b1570c3990751cf093b958/animage.jpg,a lot
2074,23/09/2017,/rails/active_storage/blobs/eyJfcmFpbHMiOnsibWVzc2FnZSI6IkJBaHBBdklIIiwiZXhwIjpudWxsLCJwdXIiOiJibG9iX2lkIn19--6fd537c21c1036afc371a649e829acb6de0c1a74/animage.jpg,a lot
3402,23/09/2017,/rails/active_storage/blobs/eyJfcmFpbHMiOnsibWVzc2FnZSI6IkJBaHBBaUlOIiwiZXhwIjpudWxsLCJwdXIiOiJibG9iX2lkIn19--82b31130d60d7491457f0165e6c187ecaf85fc9e/animage.jpg,substantial
3400,23/09/2017,/rails/active_storage/blobs/eyJfcmFpbHMiOnsibWVzc2FnZSI6IkJBaHBBaUFOIiwiZXhwIjpudWxsLCJwdXIiOiJibG9iX2lkIn19--4cd13a3c16998abf75afaf5cbb47478bec97d7f5/animage.jpg,substantial
2072,26/09/2017,/rails/active_storage/blobs/eyJfcmFpbHMiOnsibWVzc2FnZSI6IkJBaHBBdkFIIiwiZXhwIjpudWxsLCJwdXIiOiJibG9iX2lkIn19--26ec520e3f6df4688c0b692242ef6bea1420e5d7/animage.jpg,a lot
2066,07/10/2017,/rails/active_storage/blobs/eyJfcmFpbHMiOnsibWVzc2FnZSI6IkJBaHBBdW9IIiwiZXhwIjpudWxsLCJwdXIiOiJibG9iX2lkIn19--e8e174d2e441992afd098f736da300a8c986ffea/animage.jpg,substantial
2058,10/10/2017,/rails/active_storage/blobs/eyJfcmFpbHMiOnsibWVzc2FnZSI6IkJBaHBBdUlIIiwiZXhwIjpudWxsLCJwdXIiOiJibG9iX2lkIn19--191d9f844233a3d996e32e77e924e9318e9f8c0d/animage.jpg,substantial
3326,13/10/2017,/rails/active_storage/blobs/eyJfcmFpbHMiOnsibWVzc2FnZSI6IkJBaHBBdFlNIiwiZXhwIjpudWxsLCJwdXIiOiJibG9iX2lkIn19--b63324ebc5596cb57c5deb2e32f22bf01ff0a55b/animage.jpg,substantial
2053,14/10/2017,/rails/active_storage/blobs/eyJfcmFpbHMiOnsibWVzc2FnZSI6IkJBaHBBdDBIIiwiZXhwIjpudWxsLCJwdXIiOiJibG9iX2lkIn19--3b54f8fdf05a1b7e41fc507fb900da2915b671ad/animage.jpg,substantial
2044,05/11/2017,/rails/active_storage/blobs/eyJfcmFpbHMiOnsibWVzc2FnZSI6IkJBaHBBdFFIIiwiZXhwIjpudWxsLCJwdXIiOiJibG9iX2lkIn19--f88f79166b820500324bfc71b1101cf40ee83a14/animage.jpg,substantial
2038,02/01/2018,/rails/active_storage/blobs/eyJfcmFpbHMiOnsibWVzc2FnZSI6IkJBaHBBczRIIiwiZXhwIjpudWxsLCJwdXIiOiJibG9iX2lkIn19--0fef265e916b26576dad7687c69c45568bb1f379/animage.jpg,extensive
3299,25/01/2018,/rails/active_storage/blobs/eyJfcmFpbHMiOnsibWVzc2FnZSI6IkJBaHBBcndNIiwiZXhwIjpudWxsLCJwdXIiOiJibG9iX2lkIn19--71469e188bee4dfb7b7be4e2cb3687cfdcb6f19b/animage.jpg,substantial
3334,25/01/2018,/rails/active_storage/blobs/eyJfcmFpbHMiOnsibWVzc2FnZSI6IkJBaHBBdDRNIiwiZXhwIjpudWxsLCJwdXIiOiJibG9iX2lkIn19--9c68ded88732ad0d1c03dd7c02af60d9b69cecd2/animage.jpg,substantial
3444,12/02/2018,/rails/active_storage/blobs/eyJfcmFpbHMiOnsibWVzc2FnZSI6IkJBaHBBa3dOIiwiZXhwIjpudWxsLCJwdXIiOiJibG9iX2lkIn19--234011394137f78faebecccc4d0a516ae7eba9c9/animage.jpg,extensive
2026,17/02/2018,/rails/active_storage/blobs/eyJfcmFpbHMiOnsibWVzc2FnZSI6IkJBaHBBc0lIIiwiZXhwIjpudWxsLCJwdXIiOiJibG9iX2lkIn19--f5dc7b97b6a33f972355627f2cf4e8563f39a3b9/animage.jpg,substantial
2027,17/02/2018,/rails/active_storage/blobs/eyJfcmFpbHMiOnsibWVzc2FnZSI6IkJBaHBBc01IIiwiZXhwIjpudWxsLCJwdXIiOiJibG9iX2lkIn19--a8f40d70f5d191334455712952e63f849e42e688/animage.jpg,substantial
2028,17/02/2018,/rails/active_storage/blobs/eyJfcmFpbHMiOnsibWVzc2FnZSI6IkJBaHBBc1FIIiwiZXhwIjpudWxsLCJwdXIiOiJibG9iX2lkIn19--80ea764b7e773e7c3a00eda1d439ca27a644016b/animage.jpg,substantial
2025,18/02/2018,/rails/active_storage/blobs/eyJfcmFpbHMiOnsibWVzc2FnZSI6IkJBaHBBc0VIIiwiZXhwIjpudWxsLCJwdXIiOiJibG9iX2lkIn19--8d43c7bfb156af7301235b0250ec299a3f28fac1/animage.jpg,extensive
2024,18/02/2018,/rails/active_storage/blobs/eyJfcmFpbHMiOnsibWVzc2FnZSI6IkJBaHBBc0FIIiwiZXhwIjpudWxsLCJwdXIiOiJibG9iX2lkIn19--959ac46dd08ddb9f2da52a5a763ebc442d3b3a3a/animage.jpg,extensive
3423,12/03/2018,/rails/active_storage/blobs/eyJfcmFpbHMiOnsibWVzc2FnZSI6IkJBaHBBamdOIiwiZXhwIjpudWxsLCJwdXIiOiJibG9iX2lkIn19--484dc2403491ff1da234a798e71318cb08a66806/animage.jpg,substantial
3426,12/03/2018,/rails/active_storage/blobs/eyJfcmFpbHMiOnsibWVzc2FnZSI6IkJBaHBBam9OIiwiZXhwIjpudWxsLCJwdXIiOiJibG9iX2lkIn19--c2aea9683bb4ba78020fd639abce9a704b6cfa45/animage.jpg,extensive
3427,12/03/2018,/rails/active_storage/blobs/eyJfcmFpbHMiOnsibWVzc2FnZSI6IkJBaHBBandOIiwiZXhwIjpudWxsLCJwdXIiOiJibG9iX2lkIn19--0368269ca2c53297588a60b7eb2f9aa59fb49c36/animage.jpg
3381,31/03/2018,/rails/active_storage/blobs/eyJfcmFpbHMiOnsibWVzc2FnZSI6IkJBaHBBZzBOIiwiZXhwIjpudWxsLCJwdXIiOiJibG9iX2lkIn19--58bfd56438e9bd049a37e052a81840f9b87d663c/animage.jpg,substantial
2012,01/04/2018,/rails/active_storage/blobs/eyJfcmFpbHMiOnsibWVzc2FnZSI6IkJBaHBBclFIIiwiZXhwIjpudWxsLCJwdXIiOiJibG9iX2lkIn19--44b2a765ee8561f6734e4b461be1dd76116a8af7/animage.jpg,a lot
2010,03/04/2018,/rails/active_storage/blobs/eyJfcmFpbHMiOnsibWVzc2FnZSI6IkJBaHBBcklIIiwiZXhwIjpudWxsLCJwdXIiOiJibG9iX2lkIn19--632d08f608db35f1fd0bc4ecc6b22289ca2a282e/animage.jpg,extensive
2006,04/04/2018,/rails/active_storage/blobs/eyJfcmFpbHMiOnsibWVzc2FnZSI6IkJBaHBBcTRIIiwiZXhwIjpudWxsLCJwdXIiOiJibG9iX2lkIn19--12f580364bbedace247855f9f0913e4a2e7ccc01/animage.jpg,extensive
2005,05/04/2018,/rails/active_storage/blobs/eyJfcmFpbHMiOnsibWVzc2FnZSI6IkJBaHBBcTBIIiwiZXhwIjpudWxsLCJwdXIiOiJibG9iX2lkIn19--74d08c14be775488d904d4bae76a13c74be278af/animage.jpg,extensive
2004,06/04/2018,/rails/active_storage/blobs/eyJfcmFpbHMiOnsibWVzc2FnZSI6IkJBaHBBcXdIIiwiZXhwIjpudWxsLCJwdXIiOiJibG9iX2lkIn19--06f7073bf1c4092bc56db1044cd7dea30ee20676/animage.jpg,extensive
2003,13/04/2018,/rails/active_storage/blobs/eyJfcmFpbHMiOnsibWVzc2FnZSI6IkJBaHBBcXNIIiwiZXhwIjpudWxsLCJwdXIiOiJibG9iX2lkIn19--0524edd568d5661ae51ad18a9f3ce79dd7ceb4a0/animage.jpg,extensive
2000,16/04/2018,/rails/active_storage/blobs/eyJfcmFpbHMiOnsibWVzc2FnZSI6IkJBaHBBcWdIIiwiZXhwIjpudWxsLCJwdXIiOiJibG9iX2lkIn19--7a8342ac6c2aa623740a8af807db5c4270123ee5/animage.jpg,substantial
2001,16/04/2018,/rails/active_storage/blobs/eyJfcmFpbHMiOnsibWVzc2FnZSI6IkJBaHBBcWtIIiwiZXhwIjpudWxsLCJwdXIiOiJibG9iX2lkIn19--600e9d9cc25cb8c85f84af38c52bf9e4a15d578c/animage.jpg,substantial
1616,23/04/2018,/rails/active_storage/blobs/eyJfcmFpbHMiOnsibWVzc2FnZSI6IkJBaHBBaVVHIiwiZXhwIjpudWxsLCJwdXIiOiJibG9iX2lkIn19--8d9f63a46f17f7a7807d215ff67262d4088b71a5/mach1-23-4-2018.jpg,minimal
1617,23/04/2018,/rails/active_storage/blobs/eyJfcmFpbHMiOnsibWVzc2FnZSI6IkJBaHBBaVlHIiwiZXhwIjpudWxsLCJwdXIiOiJibG9iX2lkIn19--55d9f7a2eae42ce2c488d0369e87655f2c4b07fd/mach2-23-4-2018.jpg,a lot
1998,24/04/2018,/rails/active_storage/blobs/eyJfcmFpbHMiOnsibWVzc2FnZSI6IkJBaHBBcVlIIiwiZXhwIjpudWxsLCJwdXIiOiJibG9iX2lkIn19--0bd65eb890e9732ecc9674f990c480988b3d56cb/animage.jpg,substantial
1994,28/04/2018,/rails/active_storage/blobs/eyJfcmFpbHMiOnsibWVzc2FnZSI6IkJBaHBBcUlIIiwiZXhwIjpudWxsLCJwdXIiOiJibG9iX2lkIn19--b8aa100e6ec63867120fba2c8921822f3af30c6a/animage.jpg,a lot
1940,30/04/2018,/rails/active_storage/blobs/eyJfcmFpbHMiOnsibWVzc2FnZSI6IkJBaHBBbXdIIiwiZXhwIjpudWxsLCJwdXIiOiJibG9iX2lkIn19--ed6c887444d9ae6847aaa6aa613b491bdda42684/animage.jpg,minimal
3286,01/05/2018,/rails/active_storage/blobs/eyJfcmFpbHMiOnsibWVzc2FnZSI6IkJBaHBBcTRNIiwiZXhwIjpudWxsLCJwdXIiOiJibG9iX2lkIn19--8c0cbe1ae218724ea13f2ec6ccf132ef2706345c/animage.jpg,minimal
3301,17/05/2018,/rails/active_storage/blobs/eyJfcmFpbHMiOnsibWVzc2FnZSI6IkJBaHBBcjRNIiwiZXhwIjpudWxsLCJwdXIiOiJibG9iX2lkIn19--b4f35b270356f8cd65fa369db5a8dd54106eb7f0/animage.jpg,minimal
3303,17/05/2018,/rails/active_storage/blobs/eyJfcmFpbHMiOnsibWVzc2FnZSI6IkJBaHBBc0FNIiwiZXhwIjpudWxsLCJwdXIiOiJibG9iX2lkIn19--59a3dff8dd96ad82e7366dafff2ce5fa39db1ca4/animage.jpg,minimal
1938,18/05/2018,/rails/active_storage/blobs/eyJfcmFpbHMiOnsibWVzc2FnZSI6IkJBaHBBbW9IIiwiZXhwIjpudWxsLCJwdXIiOiJibG9iX2lkIn19--27524b12542e23681706c3ee02a41db893a31e79/animage.jpg,none
1936,18/05/2018,/rails/active_storage/blobs/eyJfcmFpbHMiOnsibWVzc2FnZSI6IkJBaHBBbWdIIiwiZXhwIjpudWxsLCJwdXIiOiJibG9iX2lkIn19--6dc54ad412a7ed92e246ba3681d4f754957cb86b/animage.jpg,none
1928,26/05/2018,/rails/active_storage/blobs/eyJfcmFpbHMiOnsibWVzc2FnZSI6IkJBaHBBbUFIIiwiZXhwIjpudWxsLCJwdXIiOiJibG9iX2lkIn19--e8381e6fa12b75a8a3b00749fd12abfe774a7081/animage.jpg,none
4425,02/09/2019,/rails/active_storage/blobs/eyJfcmFpbHMiOnsibWVzc2FnZSI6IkJBaHBBaU1SIiwiZXhwIjpudWxsLCJwdXIiOiJibG9iX2lkIn19--0ec0cb406f1d36f2a7e13aa3dfe082f200f9593b/IMG_0471.jpg,minimal
4703,05/09/2019,/rails/active_storage/blobs/eyJfcmFpbHMiOnsibWVzc2FnZSI6IkJBaHBBamtTIiwiZXhwIjpudWxsLCJwdXIiOiJibG9iX2lkIn19--250ff5e033c8cf4fd3bd7d5807a85bc15c54042a/DSC_4226.jpeg,a lot
3910,13/09/2019,/rails/active_storage/blobs/eyJfcmFpbHMiOnsibWVzc2FnZSI6IkJBaHBBaUFQIiwiZXhwIjpudWxsLCJwdXIiOiJibG9iX2lkIn19--28214dafd9e922201e7cf8fae9c7d070a27364a2/WhatsApp%20Image%202019-09-13%20at%2013.51.47.jpeg,a lot
3911,13/09/2019,/rails/active_storage/blobs/eyJfcmFpbHMiOnsibWVzc2FnZSI6IkJBaHBBaUVQIiwiZXhwIjpudWxsLCJwdXIiOiJibG9iX2lkIn19--5de71300223fd59609f2bbaaaac9f82993b1a7a6/WhatsApp%20Image%202019-09-13%20at%2018.03.13.jpeg,a lot
3916,14/09/2019,/rails/active_storage/blobs/eyJfcmFpbHMiOnsibWVzc2FnZSI6IkJBaHBBaVlQIiwiZXhwIjpudWxsLCJwdXIiOiJibG9iX2lkIn19--a31d0c700e4567e3c4591b66c2e5555ffbd97055/WhatsApp%20Image%202019-09-14%20at%2015.45.07.jpeg,minimal
3883,14/09/2019,/rails/active_storage/blobs/eyJfcmFpbHMiOnsibWVzc2FnZSI6IkJBaHBBZ01QIiwiZXhwIjpudWxsLCJwdXIiOiJibG9iX2lkIn19--c5e28c2a71cb2b018629d2548ef1a14a85f858e8/animage.jpg,a lot
3885,14/09/2019,/rails/active_storage/blobs/eyJfcmFpbHMiOnsibWVzc2FnZSI6IkJBaHBBZ1VQIiwiZXhwIjpudWxsLCJwdXIiOiJibG9iX2lkIn19--4773db43fdfafb07fcdc9c8a1561301e8852e9db/animage.jpg,minimal
3884,14/09/2019,/rails/active_storage/blobs/eyJfcmFpbHMiOnsibWVzc2FnZSI6IkJBaHBBZ1FQIiwiZXhwIjpudWxsLCJwdXIiOiJibG9iX2lkIn19--51e62c81eb22a1ef814602484a0917a0e891a5f8/animage.jpg,a lot
4203,16/09/2019,/rails/active_storage/blobs/eyJfcmFpbHMiOnsibWVzc2FnZSI6IkJBaHBBa1VRIiwiZXhwIjpudWxsLCJwdXIiOiJibG9iX2lkIn19--8b090112bbf5956fc0c8cd370c2532331f48d726/WhatsApp%20Image%202019-10-03%20at%2012.17.56.jpeg,minimal
3927,16/09/2019,/rails/active_storage/blobs/eyJfcmFpbHMiOnsibWVzc2FnZSI6IkJBaHBBakVQIiwiZXhwIjpudWxsLCJwdXIiOiJibG9iX2lkIn19--c3e277f2177c285ec896c305cac703ac5b08e791/WhatsApp%20Image%202019-09-16%20at%2013.31.02.jpeg,minimal
3924,16/09/2019,/rails/active_storage/blobs/eyJfcmFpbHMiOnsibWVzc2FnZSI6IkJBaHBBaTRQIiwiZXhwIjpudWxsLCJwdXIiOiJibG9iX2lkIn19--8cb82671916866a8297a1f006e5cda6f4f2571b5/WhatsApp%20Image%202019-09-16%20at%2013.20.51.jpeg,minimal
3936,17/09/2019,/rails/active_storage/blobs/eyJfcmFpbHMiOnsibWVzc2FnZSI6IkJBaHBBam9QIiwiZXhwIjpudWxsLCJwdXIiOiJibG9iX2lkIn19--4e9915d010484ea94d9fb5ebc51ac0f7dd9fdc8b/animage.jpg,minimal
4193,20/09/2019,/rails/active_storage/blobs/eyJfcmFpbHMiOnsibWVzc2FnZSI6IkJBaHBBanNRIiwiZXhwIjpudWxsLCJwdXIiOiJibG9iX2lkIn19--9fb1ce4d61cb06c0633819fba3a8f1ea0f6a5803/WhatsApp%20Image%202019-09-20%20at%2011.53.05.jpeg,none
4069,21/09/2019,/rails/active_storage/blobs/eyJfcmFpbHMiOnsibWVzc2FnZSI6IkJBaHBBcjhQIiwiZXhwIjpudWxsLCJwdXIiOiJibG9iX2lkIn19--8eafa09320b47fd8a845b1a946a7c0dcfc506fda/animage.jpg,none
4191,22/09/2019,/rails/active_storage/blobs/eyJfcmFpbHMiOnsibWVzc2FnZSI6IkJBaHBBamtRIiwiZXhwIjpudWxsLCJwdXIiOiJibG9iX2lkIn19--d4f9f2e9e23ddc321b91f0f136beed0a7bae23be/WhatsApp%20Image%202019-09-22%20at%2012.45.14.jpeg,minimal
3976,22/09/2019,/rails/active_storage/blobs/eyJfcmFpbHMiOnsibWVzc2FnZSI6IkJBaHBBbUlQIiwiZXhwIjpudWxsLCJwdXIiOiJibG9iX2lkIn19--1f71feb195049fee8bac05853acb15b083086871/animage.jpg,a lot
4189,23/09/2019,/rails/active_storage/blobs/eyJfcmFpbHMiOnsibWVzc2FnZSI6IkJBaHBBamNRIiwiZXhwIjpudWxsLCJwdXIiOiJibG9iX2lkIn19--5b1673e112795afe0a7fa4923f1330585f6ebb1f/WhatsApp%20Image%202019-09-23%20at%2016.58.55.jpeg,none
4118,24/09/2019,/rails/active_storage/blobs/eyJfcmFpbHMiOnsibWVzc2FnZSI6IkJBaHBBdkFQIiwiZXhwIjpudWxsLCJwdXIiOiJibG9iX2lkIn19--ea9f0b05d7a4efbc5a8eea9e2f053d9db9abded7/P1020903.JPG,none
4184,24/09/2019,/rails/active_storage/blobs/eyJfcmFpbHMiOnsibWVzc2FnZSI6IkJBaHBBaklRIiwiZXhwIjpudWxsLCJwdXIiOiJibG9iX2lkIn19--6223a7feec05fa46e6a5c506cd55f7d59a8d21e4/WhatsApp%20Image%202019-09-26%20at%2014.11.13.jpeg,a lot
4121,25/09/2019,/rails/active_storage/blobs/eyJfcmFpbHMiOnsibWVzc2FnZSI6IkJBaHBBdk1QIiwiZXhwIjpudWxsLCJwdXIiOiJibG9iX2lkIn19--95967a11d8ed9734c6bb2e56cc41e77875c94746/20190925_152606.jpg,minimal
3977,25/09/2019,/rails/active_storage/blobs/eyJfcmFpbHMiOnsibWVzc2FnZSI6IkJBaHBBbU1QIiwiZXhwIjpudWxsLCJwdXIiOiJibG9iX2lkIn19--414d4549dc5992b0d030904a9bcba9dc74215a59/animage.jpg,minimal
4179,26/09/2019,/rails/active_storage/blobs/eyJfcmFpbHMiOnsibWVzc2FnZSI6IkJBaHBBaTBRIiwiZXhwIjpudWxsLCJwdXIiOiJibG9iX2lkIn19--f0517e98aadcf5d409528a82a4047fea6a002ca1/WhatsApp%20Image%202019-09-26%20at%2014.11.29.jpeg,substantial
4175,26/09/2019,/rails/active_storage/blobs/eyJfcmFpbHMiOnsibWVzc2FnZSI6IkJBaHBBaWtRIiwiZXhwIjpudWxsLCJwdXIiOiJibG9iX2lkIn19--c39cd759493a75531360fa31b65ca43537404507/WhatsApp%20Image%202019-09-26%20at%2014.11.12.jpeg,substantial
4182,26/09/2019,/rails/active_storage/blobs/eyJfcmFpbHMiOnsibWVzc2FnZSI6IkJBaHBBakFRIiwiZXhwIjpudWxsLCJwdXIiOiJibG9iX2lkIn19--ef90320d8c8dd459ffc0bba53a39a5e716885328/WhatsApp%20Image%202019-09-26%20at%2014.11.13.jpeg,substantial
4180,26/09/2019,/rails/active_storage/blobs/eyJfcmFpbHMiOnsibWVzc2FnZSI6IkJBaHBBaTRRIiwiZXhwIjpudWxsLCJwdXIiOiJibG9iX2lkIn19--4ceabeba0395702e06fe465bd69cdf5bd2465044/WhatsApp%20Image%202019-09-26%20at%2014.11.31.jpeg,a lot
4167,27/09/2019,/rails/active_storage/blobs/eyJfcmFpbHMiOnsibWVzc2FnZSI6IkJBaHBBaUVRIiwiZXhwIjpudWxsLCJwdXIiOiJibG9iX2lkIn19--dcf45f8f32dc3b1d36390c5fb880952ba415e453/WhatsApp%20Image%202019-09-27%20at%2014.16.05.jpeg,extensive
4165,28/09/2019,/rails/active_storage/blobs/eyJfcmFpbHMiOnsibWVzc2FnZSI6IkJBaHBBaDhRIiwiZXhwIjpudWxsLCJwdXIiOiJibG9iX2lkIn19--654470fd21c3a229c09d3b19b88647e0c5e2922b/WhatsApp%20Image%202019-09-28%20at%2014.19.32.jpeg,substantial
4140,28/09/2019,/rails/active_storage/blobs/eyJfcmFpbHMiOnsibWVzc2FnZSI6IkJBaHBBZ1lRIiwiZXhwIjpudWxsLCJwdXIiOiJibG9iX2lkIn19--3c2c3bd7480062df913e432d58ea25e1d80acc5a/image1%20(2).jpeg,minimal
4142,28/09/2019,/rails/active_storage/blobs/eyJfcmFpbHMiOnsibWVzc2FnZSI6IkJBaHBBZ2dRIiwiZXhwIjpudWxsLCJwdXIiOiJibG9iX2lkIn19--ca29678984e6e4b257ec2344a039a38308df2eb9/IMG_20190928_163248.jpg,substantial
3957,28/09/2019,/rails/active_storage/blobs/eyJfcmFpbHMiOnsibWVzc2FnZSI6IkJBaHBBazhQIiwiZXhwIjpudWxsLCJwdXIiOiJibG9iX2lkIn19--eceead86cc5c5b125a31ecfd73ff112443b1f587/animage.jpg,substantial
4897,29/09/2019,/rails/active_storage/blobs/eyJfcmFpbHMiOnsibWVzc2FnZSI6IkJBaHBBdnNTIiwiZXhwIjpudWxsLCJwdXIiOiJibG9iX2lkIn19--8ade07129317fb116221f20dd8be931124c981d8/IMG_20190929_174441235.jpg,substantial
4101,29/09/2019,/rails/active_storage/blobs/eyJfcmFpbHMiOnsibWVzc2FnZSI6IkJBaHBBdDhQIiwiZXhwIjpudWxsLCJwdXIiOiJibG9iX2lkIn19--23433eb7be3ce5d75f5c456b7f52b3874859b2e8/animage.jpg,substantial
3958,29/09/2019,/rails/active_storage/blobs/eyJfcmFpbHMiOnsibWVzc2FnZSI6IkJBaHBBbEFQIiwiZXhwIjpudWxsLCJwdXIiOiJibG9iX2lkIn19--db5dc19629eeed4939aad1413479934e9577d838/animage.jpg,substantial
4433,30/09/2019,/rails/active_storage/blobs/eyJfcmFpbHMiOnsibWVzc2FnZSI6IkJBaHBBaXNSIiwiZXhwIjpudWxsLCJwdXIiOiJibG9iX2lkIn19--436410578f7fe63ea119c584742019ed8a9de723/IMG_4871.jpeg,substantial
4158,30/09/2019,/rails/active_storage/blobs/eyJfcmFpbHMiOnsibWVzc2FnZSI6IkJBaHBBaGdRIiwiZXhwIjpudWxsLCJwdXIiOiJibG9iX2lkIn19--73ebae00527f0055b981fe39e348473ba6e1c0d9/WhatsApp%20Image%202019-09-30%20at%2017.33.40.jpeg,substantial
4422,02/10/2019,/rails/active_storage/blobs/eyJfcmFpbHMiOnsibWVzc2FnZSI6IkJBaHBBaUFSIiwiZXhwIjpudWxsLCJwdXIiOiJibG9iX2lkIn19--7a38261b2fc9e6ca945eb915f4d3dec8e49479a8/IMG_1028.JPG,a lot
4155,03/10/2019,/rails/active_storage/blobs/eyJfcmFpbHMiOnsibWVzc2FnZSI6IkJBaHBBaFVRIiwiZXhwIjpudWxsLCJwdXIiOiJibG9iX2lkIn19--dcba415489bbd17ecd13dcc9dc77b931c91f2481/WhatsApp%20Image%202019-10-03%20at%2011.50.32.jpeg,a lot
4445,04/10/2019,/rails/active_storage/blobs/eyJfcmFpbHMiOnsibWVzc2FnZSI6IkJBaHBBamNSIiwiZXhwIjpudWxsLCJwdXIiOiJibG9iX2lkIn19--076c2d9acd121180daa8a39084141f4e52d68ef2/WhatsApp%20Image%202019-10-04%20at%2017.10.35.jpeg,a lot
4431,04/10/2019,/rails/active_storage/blobs/eyJfcmFpbHMiOnsibWVzc2FnZSI6IkJBaHBBaWtSIiwiZXhwIjpudWxsLCJwdXIiOiJibG9iX2lkIn19--c434d1dbf8ab5e90f54ab6fed12336284bedd8c8/IMG_0375.jpg,a lot
4432,04/10/2019,/rails/active_storage/blobs/eyJfcmFpbHMiOnsibWVzc2FnZSI6IkJBaHBBaW9SIiwiZXhwIjpudWxsLCJwdXIiOiJibG9iX2lkIn19--ff5937efccba34021c03cab09303d1f06e60cd44/IMG_0376.jpg,a lot
4461,05/10/2019,/rails/active_storage/blobs/eyJfcmFpbHMiOnsibWVzc2FnZSI6IkJBaHBBa2NSIiwiZXhwIjpudWxsLCJwdXIiOiJibG9iX2lkIn19--51edffe3430f50c5414f3c7e3bd2cf9567fd21ff/WhatsApp%20Image%202019-10-05%20at%2016.45.12.jpeg,a lot
4391,06/10/2019,/rails/active_storage/blobs/eyJfcmFpbHMiOnsibWVzc2FnZSI6IkJBaHBBZ0VSIiwiZXhwIjpudWxsLCJwdXIiOiJibG9iX2lkIn19--e03f636320c92a93c35199aa83b8c23598dcd84b/animage.jpg,extensive
4440,07/10/2019,/rails/active_storage/blobs/eyJfcmFpbHMiOnsibWVzc2FnZSI6IkJBaHBBaklSIiwiZXhwIjpudWxsLCJwdXIiOiJibG9iX2lkIn19--b2fd2f2c622825a74a05087b4ef7cb160c1a567e/2019_0928Arran0044.JPG,substantial
4571,10/10/2019,/rails/active_storage/blobs/eyJfcmFpbHMiOnsibWVzc2FnZSI6IkJBaHBBclVSIiwiZXhwIjpudWxsLCJwdXIiOiJibG9iX2lkIn19--f719525c2c54a7030d46d7e8d5878bc3d1e78520/WhatsApp%20Image%202019-10-10%20at%2020.25.21.jpeg,extensive
4573,12/10/2019,/rails/active_storage/blobs/eyJfcmFpbHMiOnsibWVzc2FnZSI6IkJBaHBBcmNSIiwiZXhwIjpudWxsLCJwdXIiOiJibG9iX2lkIn19--b2acafaae61fae750c2d377939e0c16baa620aed/WhatsApp%20Image%202019-10-12%20at%2015.01.17.jpeg,substantial
4503,12/10/2019,/rails/active_storage/blobs/eyJfcmFpbHMiOnsibWVzc2FnZSI6IkJBaHBBbkVSIiwiZXhwIjpudWxsLCJwdXIiOiJibG9iX2lkIn19--e6d477297a9431af4a2f948106b7c44d3989bafa/animage.jpg,substantial
4782,16/10/2019,/rails/active_storage/blobs/eyJfcmFpbHMiOnsibWVzc2FnZSI6IkJBaHBBb2dTIiwiZXhwIjpudWxsLCJwdXIiOiJibG9iX2lkIn19--ee3b9b62336ef926508d40161a6b8475b9b2e53a/B%20DSCN8308s.jpg,extensive
4729,16/10/2019,/rails/active_storage/blobs/eyJfcmFpbHMiOnsibWVzc2FnZSI6IkJBaHBBbE1TIiwiZXhwIjpudWxsLCJwdXIiOiJibG9iX2lkIn19--1592557ebd8f5c08ca72b2f53fbc86024cda718e/EHBfvJSXYAIZ5am.jpeg,extensive
4725,16/10/2019,/rails/active_storage/blobs/eyJfcmFpbHMiOnsibWVzc2FnZSI6IkJBaHBBazhTIiwiZXhwIjpudWxsLCJwdXIiOiJibG9iX2lkIn19--0aa552d61ab69c4d3ee2303082562e9e0353f937/WhatsApp%20Image%202019-10-16%20at%2012.06.38.jpeg,extensive
4651,17/10/2019,/rails/active_storage/blobs/eyJfcmFpbHMiOnsibWVzc2FnZSI6IkJBaHBBZ1VTIiwiZXhwIjpudWxsLCJwdXIiOiJibG9iX2lkIn19--b10cd2c32b3391a9f7489f116b67eb0a0d59286d/20191016_125644.jpg,extensive
4653,18/10/2019,/rails/active_storage/blobs/eyJfcmFpbHMiOnsibWVzc2FnZSI6IkJBaHBBZ2NTIiwiZXhwIjpudWxsLCJwdXIiOiJibG9iX2lkIn19--b45682b108b734db2a3ecc32c98b5f2ca0289cc3/IMG_3793.JPG,extensive
4654,18/10/2019,/rails/active_storage/blobs/eyJfcmFpbHMiOnsibWVzc2FnZSI6IkJBaHBBZ2dTIiwiZXhwIjpudWxsLCJwdXIiOiJibG9iX2lkIn19--9f36d8636170c44a6782609d1eea3b542d868999/IMG_3794.JPG,substantial
4645,18/10/2019,/rails/active_storage/blobs/eyJfcmFpbHMiOnsibWVzc2FnZSI6IkJBaHBBdjhSIiwiZXhwIjpudWxsLCJwdXIiOiJibG9iX2lkIn19--8e5f84e08345513ff90cb65c0f14dd535a1fc6c8/animage.jpg,substantial
4647,19/10/2019,/rails/active_storage/blobs/eyJfcmFpbHMiOnsibWVzc2FnZSI6IkJBaHBBZ0VTIiwiZXhwIjpudWxsLCJwdXIiOiJibG9iX2lkIn19--2d49c4d6a6416732ce54deba4397ef87ccf32e1d/animage.jpg,substantial
4803,21/10/2019,/rails/active_storage/blobs/eyJfcmFpbHMiOnsibWVzc2FnZSI6IkJBaHBBcDBTIiwiZXhwIjpudWxsLCJwdXIiOiJibG9iX2lkIn19--875e57e8b96ea5ab6b7ee46bf294d079a1348f05/WhatsApp%20Image%202019-10-21%20at%2014.02.18.jpeg,a lot
4727,21/10/2019,/rails/active_storage/blobs/eyJfcmFpbHMiOnsibWVzc2FnZSI6IkJBaHBBbEVTIiwiZXhwIjpudWxsLCJwdXIiOiJibG9iX2lkIn19--da27e621ba6f2bf51e9fb4262245b3fd38f6443b/WhatsApp%20Image%202019-10-21%20at%2014.02.18.jpeg,a lot
4805,22/10/2019,/rails/active_storage/blobs/eyJfcmFpbHMiOnsibWVzc2FnZSI6IkJBaHBBcDhTIiwiZXhwIjpudWxsLCJwdXIiOiJibG9iX2lkIn19--4974d058ec29b70a5a96a62c5661c10331b50992/WhatsApp%20Image%202019-10-22%20at%2012.20.02.jpeg,a lot
4773,23/10/2019,/rails/active_storage/blobs/eyJfcmFpbHMiOnsibWVzc2FnZSI6IkJBaHBBbjhTIiwiZXhwIjpudWxsLCJwdXIiOiJibG9iX2lkIn19--3415a8a81631a2a5a80f4e5dac7f3f3940fdc660/Image%20(1).jpg,a lot
4774,23/10/2019,/rails/active_storage/blobs/eyJfcmFpbHMiOnsibWVzc2FnZSI6IkJBaHBBb0FTIiwiZXhwIjpudWxsLCJwdXIiOiJibG9iX2lkIn19--00728f0a231f0808001cf0ad280d68aca7692514/_private_var_mobile_Containers_Shared_AppGroup_9C919187-91B4-43D7-8914-7EA21D73ECDB_Library_Caches_Attachment-Uploads_Image.jpeg,a lot
4947,26/10/2019,/rails/active_storage/blobs/eyJfcmFpbHMiOnsibWVzc2FnZSI6IkJBaHBBaTBUIiwiZXhwIjpudWxsLCJwdXIiOiJibG9iX2lkIn19--dfdd264158741e76f1ba268af677d303302c6db0/%23114.jpg,substantial
4945,26/10/2019,/rails/active_storage/blobs/eyJfcmFpbHMiOnsibWVzc2FnZSI6IkJBaHBBaXNUIiwiZXhwIjpudWxsLCJwdXIiOiJibG9iX2lkIn19--3ba994ac781f48f679b6ad5bc70ef5f2fed536c1/%23116.jpg,substantial
4780,27/10/2019,/rails/active_storage/blobs/eyJfcmFpbHMiOnsibWVzc2FnZSI6IkJBaHBBb1lTIiwiZXhwIjpudWxsLCJwdXIiOiJibG9iX2lkIn19--600ce145ee35d13da23c4b1077b409b252051b13/IMG_0789.jpg,substantial
4825,29/10/2019,/rails/active_storage/blobs/eyJfcmFpbHMiOnsibWVzc2FnZSI6IkJBaHBBck1TIiwiZXhwIjpudWxsLCJwdXIiOiJibG9iX2lkIn19--189bc303da5489048e80f4739220c4f2f4323df7/WhatsApp%20Image%202019-10-29%20at%2011.29.00.jpeg,minimal
4899,30/10/2019,/rails/active_storage/blobs/eyJfcmFpbHMiOnsibWVzc2FnZSI6IkJBaHBBdjBTIiwiZXhwIjpudWxsLCJwdXIiOiJibG9iX2lkIn19--f49401049d2f17fd6aa3c97c38ffd29e92a249b5/DSC_0037.jpg,minimal
4795,30/10/2019,/rails/active_storage/blobs/eyJfcmFpbHMiOnsibWVzc2FnZSI6IkJBaHBBcFVTIiwiZXhwIjpudWxsLCJwdXIiOiJibG9iX2lkIn19--9996dee84ed8af9fe9a59695aad3c5460e9b73cc/animage.jpg,minimal
4891,31/10/2019,/rails/active_storage/blobs/eyJfcmFpbHMiOnsibWVzc2FnZSI6IkJBaHBBdlVTIiwiZXhwIjpudWxsLCJwdXIiOiJibG9iX2lkIn19--c53f2328024abfda4fc733944eae12f89623db6d/IMG_8737.JPG,minimal
4892,31/10/2019,/rails/active_storage/blobs/eyJfcmFpbHMiOnsibWVzc2FnZSI6IkJBaHBBdllTIiwiZXhwIjpudWxsLCJwdXIiOiJibG9iX2lkIn19--c774e85397ddcecb61df0a32b5573a836ea8c3c2/20191031_141434.jpg,minimal
4794,31/10/2019,/rails/active_storage/blobs/eyJfcmFpbHMiOnsibWVzc2FnZSI6IkJBaHBBcFFTIiwiZXhwIjpudWxsLCJwdXIiOiJibG9iX2lkIn19--61f590274ba20dd1de92f203d3cc9d091bf10e7e/animage.jpg,minimal
4797,31/10/2019,/rails/active_storage/blobs/eyJfcmFpbHMiOnsibWVzc2FnZSI6IkJBaHBBcGNTIiwiZXhwIjpudWxsLCJwdXIiOiJibG9iX2lkIn19--1357ea0e90802877ee09f428cb056c52c945cf25/animage.jpg,minimal
4894,02/11/2019,/rails/active_storage/blobs/eyJfcmFpbHMiOnsibWVzc2FnZSI6IkJBaHBBdmdTIiwiZXhwIjpudWxsLCJwdXIiOiJibG9iX2lkIn19--12eb2a8e049fa4fb102cd2d2eb8ecdf520f8d97a/IMG_1272.jpg,minimal
4846,03/11/2019,/rails/active_storage/blobs/eyJfcmFpbHMiOnsibWVzc2FnZSI6IkJBaHBBc2dTIiwiZXhwIjpudWxsLCJwdXIiOiJibG9iX2lkIn19--4acc34191e25cf203ff0224cb35da26ebb4e6004/WhatsApp%20Image%202019-11-03%20at%2016.21.16.jpeg,substantial
4843,03/11/2019,/rails/active_storage/blobs/eyJfcmFpbHMiOnsibWVzc2FnZSI6IkJBaHBBc1VTIiwiZXhwIjpudWxsLCJwdXIiOiJibG9iX2lkIn19--dd6755afab3930202a40ec09a772471f509788af/WhatsApp%20Image%202019-11-03%20at%2016.21.17(1).jpeg,substantial
4842,03/11/2019,/rails/active_storage/blobs/eyJfcmFpbHMiOnsibWVzc2FnZSI6IkJBaHBBc1FTIiwiZXhwIjpudWxsLCJwdXIiOiJibG9iX2lkIn19--a58b9e1b9ef5e335ae3e1a301e50cf8597ffacef/WhatsApp%20Image%202019-11-03%20at%2016.21.17.jpeg,substantial
4835,03/11/2019,/rails/active_storage/blobs/eyJfcmFpbHMiOnsibWVzc2FnZSI6IkJBaHBBcjBTIiwiZXhwIjpudWxsLCJwdXIiOiJibG9iX2lkIn19--445a31e729f140caa7c1219fec27726dc5c95b67/WhatsApp%20Image%202019-11-03%20at%2012.17.00.jpeg,substantial
4847,03/11/2019,/rails/active_storage/blobs/eyJfcmFpbHMiOnsibWVzc2FnZSI6IkJBaHBBc2tTIiwiZXhwIjpudWxsLCJwdXIiOiJibG9iX2lkIn19--ec917d459f80342cc8351323f26f006e88fabc44/WhatsApp%20Image%202019-11-03%20at%2016.21.16(1).jpeg,substantial
4920,05/11/2019,/rails/active_storage/blobs/eyJfcmFpbHMiOnsibWVzc2FnZSI6IkJBaHBBaElUIiwiZXhwIjpudWxsLCJwdXIiOiJibG9iX2lkIn19--e27a393a992f309197c924fd7824a8ebeb607466/WhatsApp%20Image%202019-11-05%20at%2015.01.11(1).jpeg,a lot
4934,07/11/2019,/rails/active_storage/blobs/eyJfcmFpbHMiOnsibWVzc2FnZSI6IkJBaHBBaUFUIiwiZXhwIjpudWxsLCJwdXIiOiJibG9iX2lkIn19--a257a3296a917c9ccaa276a037959d5e46d6e1ad/WhatsApp%20Image%202019-11-09%20at%2022.14.45(1).jpeg,a lot
4860,09/11/2019,/rails/active_storage/blobs/eyJfcmFpbHMiOnsibWVzc2FnZSI6IkJBaHBBdFlTIiwiZXhwIjpudWxsLCJwdXIiOiJibG9iX2lkIn19--9a4bbaa7d9616b20a5c7f4799d9c72e6571c2cfd/animage.jpg,a lot
4935,10/11/2019,/rails/active_storage/blobs/eyJfcmFpbHMiOnsibWVzc2FnZSI6IkJBaHBBaUVUIiwiZXhwIjpudWxsLCJwdXIiOiJibG9iX2lkIn19--cd642bd1a29ec9d67bc331dd87acc9f8743470f0/WhatsApp%20Image%202019-11-10%20at%2012.27.54.jpeg,minimal
4937,15/11/2019,/rails/active_storage/blobs/eyJfcmFpbHMiOnsibWVzc2FnZSI6IkJBaHBBaU1UIiwiZXhwIjpudWxsLCJwdXIiOiJibG9iX2lkIn19--bfa68c5ef7f9b4f52d86374b5102b59c130fe2ee/WhatsApp%20Image%202019-11-15%20at%2011.50.22.jpeg,a lot
4914,15/11/2019,/rails/active_storage/blobs/eyJfcmFpbHMiOnsibWVzc2FnZSI6IkJBaHBBZ3dUIiwiZXhwIjpudWxsLCJwdXIiOiJibG9iX2lkIn19--fabd795198e8528d732851e12c864cd722244816/20191115_130727.jpg,a lot
4915,16/11/2019,/rails/active_storage/blobs/eyJfcmFpbHMiOnsibWVzc2FnZSI6IkJBaHBBZzBUIiwiZXhwIjpudWxsLCJwdXIiOiJibG9iX2lkIn19--f67e1524a4b11a9a9cb3f26cfd0223f4fe535f83/IMG_0390.JPG,a lot
4916,16/11/2019,/rails/active_storage/blobs/eyJfcmFpbHMiOnsibWVzc2FnZSI6IkJBaHBBZzRUIiwiZXhwIjpudWxsLCJwdXIiOiJibG9iX2lkIn19--89d2ab56472bdc516147bde9d67dc18ccceb016e/IMG_0391.JPG,a lot
4875,17/11/2019,/rails/active_storage/blobs/eyJfcmFpbHMiOnsibWVzc2FnZSI6IkJBaHBBdVVTIiwiZXhwIjpudWxsLCJwdXIiOiJibG9iX2lkIn19--07d78b56a7115f98b921e18a552a1c98ae829dc6/animage.jpg,minimal
4948,09/12/2019,/rails/active_storage/blobs/eyJfcmFpbHMiOnsibWVzc2FnZSI6IkJBaHBBaTRUIiwiZXhwIjpudWxsLCJwdXIiOiJibG9iX2lkIn19--24647d399489e23e813fe954f9b53a78abc04d07/animage.jpg,substantial
5069,25/12/2019,/rails/active_storage/blobs/eyJfcmFpbHMiOnsibWVzc2FnZSI6IkJBaHBBcWNUIiwiZXhwIjpudWxsLCJwdXIiOiJibG9iX2lkIn19--4621f1d1eeb29bbb987ed007b7263845af21e97d/WhatsApp%20Image%202019-12-25%20at%2015.14.43.jpeg,substantial
5025,25/12/2019,/rails/active_storage/blobs/eyJfcmFpbHMiOnsibWVzc2FnZSI6IkJBaHBBbnNUIiwiZXhwIjpudWxsLCJwdXIiOiJibG9iX2lkIn19--cce4091b72fb3d2a224442eedbdde86f748d144d/WhatsApp%20Image%202019-12-31%20at%2015.40.55.jpeg,substantial
5168,29/12/2019,/rails/active_storage/blobs/eyJfcmFpbHMiOnsibWVzc2FnZSI6IkJBaHBBZ3NVIiwiZXhwIjpudWxsLCJwdXIiOiJibG9iX2lkIn19--2463b61da5650ad01ed16f9fcea0a98c2ae18939/20191229_150431.jpg,substantial
5106,29/12/2019,/rails/active_storage/blobs/eyJfcmFpbHMiOnsibWVzc2FnZSI6IkJBaHBBczBUIiwiZXhwIjpudWxsLCJwdXIiOiJibG9iX2lkIn19--191fded9176c04ef983e7f53d69b94abb23e8f9d/IMG_3917.jpg,substantial
4980,29/12/2019,/rails/active_storage/blobs/eyJfcmFpbHMiOnsibWVzc2FnZSI6IkJBaHBBazRUIiwiZXhwIjpudWxsLCJwdXIiOiJibG9iX2lkIn19--5fa26825ee497d165cdad9f195ea1078a0aa951c/animage.jpg,substantial
5119,30/12/2019,/rails/active_storage/blobs/eyJfcmFpbHMiOnsibWVzc2FnZSI6IkJBaHBBdG9UIiwiZXhwIjpudWxsLCJwdXIiOiJibG9iX2lkIn19--fbc75386be8390e5cf9d338d8946966fb828caef/ENCZA8SW4AARZbo.jpeg,a lot
5118,30/12/2019,/rails/active_storage/blobs/eyJfcmFpbHMiOnsibWVzc2FnZSI6IkJBaHBBdGtUIiwiZXhwIjpudWxsLCJwdXIiOiJibG9iX2lkIn19--72d35b2fbb21e6deb400adc4f48bc361b8a12d35/ENCZBAPWkAAxTpj.jpeg,a lot
4983,01/01/2020,/rails/active_storage/blobs/eyJfcmFpbHMiOnsibWVzc2FnZSI6IkJBaHBBbEVUIiwiZXhwIjpudWxsLCJwdXIiOiJibG9iX2lkIn19--5a143306fcea23511f4795f40c7d639e22de33e1/animage.jpg,a lot
5082,03/01/2020,/rails/active_storage/blobs/eyJfcmFpbHMiOnsibWVzc2FnZSI6IkJBaHBBclFUIiwiZXhwIjpudWxsLCJwdXIiOiJibG9iX2lkIn19--b1a750aac81b6f29f5d17977996943e1cfd764f2/WhatsApp%20Image%202020-01-03%20at%2018.22.51.jpeg,minimal
5129,09/01/2020,/rails/active_storage/blobs/eyJfcmFpbHMiOnsibWVzc2FnZSI6IkJBaHBBdVFUIiwiZXhwIjpudWxsLCJwdXIiOiJibG9iX2lkIn19--fb5abae835c68c0b06246232e8e35d66c77794cc/WhatsApp%20Image%202020-01-09%20at%2014.58.05.jpeg,substantial
5144,10/01/2020,/rails/active_storage/blobs/eyJfcmFpbHMiOnsibWVzc2FnZSI6IkJBaHBBdk1UIiwiZXhwIjpudWxsLCJwdXIiOiJibG9iX2lkIn19--b1af6e22d4c385ce52f26a247937c5943fe8f1ed/IMG_5655.JPG,a lot
5145,11/01/2020,/rails/active_storage/blobs/eyJfcmFpbHMiOnsibWVzc2FnZSI6IkJBaHBBdlFUIiwiZXhwIjpudWxsLCJwdXIiOiJibG9iX2lkIn19--51ed4a6b9e0e90a39c530a5fd4b7ff7df939b7ca/image0.jpeg,extensive
5124,12/01/2020,/rails/active_storage/blobs/eyJfcmFpbHMiOnsibWVzc2FnZSI6IkJBaHBBdDhUIiwiZXhwIjpudWxsLCJwdXIiOiJibG9iX2lkIn19--99f1c943dd3922aaf756c4f8e44cefa5ae4373f6/animage.jpg,extensive
5125,12/01/2020,/rails/active_storage/blobs/eyJfcmFpbHMiOnsibWVzc2FnZSI6IkJBaHBBdUFUIiwiZXhwIjpudWxsLCJwdXIiOiJibG9iX2lkIn19--d40c384f435a9e2f0566af79932ca0e45814f610/animage.jpg,extensive
5160,18/01/2020,/rails/active_storage/blobs/eyJfcmFpbHMiOnsibWVzc2FnZSI6IkJBaHBBZ01VIiwiZXhwIjpudWxsLCJwdXIiOiJibG9iX2lkIn19--eb0e053981539428de777bbd3590eedc6b607394/WhatsApp%20Image%202020-01-18%20at%2012.53.36.jpeg,a lot
5170,21/01/2020,/rails/active_storage/blobs/eyJfcmFpbHMiOnsibWVzc2FnZSI6IkJBaHBBZzBVIiwiZXhwIjpudWxsLCJwdXIiOiJibG9iX2lkIn19--4828e6cb2d1087345885e0e4425efa87139713d0/IMG_0233.jpg,a lot
5149,21/01/2020,/rails/active_storage/blobs/eyJfcmFpbHMiOnsibWVzc2FnZSI6IkJBaHBBdmdUIiwiZXhwIjpudWxsLCJwdXIiOiJibG9iX2lkIn19--3c5fe0b10395aa5fe5038ecbbdcbcc048e02ba45/animage.jpg,a lot
5172,25/01/2020,/rails/active_storage/blobs/eyJfcmFpbHMiOnsibWVzc2FnZSI6IkJBaHBBZzhVIiwiZXhwIjpudWxsLCJwdXIiOiJibG9iX2lkIn19--5ed427f5ebc5588905f801d5937ec236db78f988/animage.jpg,minimal
5205,04/02/2020,/rails/active_storage/blobs/eyJfcmFpbHMiOnsibWVzc2FnZSI6IkJBaHBBakVVIiwiZXhwIjpudWxsLCJwdXIiOiJibG9iX2lkIn19--00af85f91df85b1245480dedda52235f6a9da6f1/WhatsApp%20Image%202020-02-04%20at%2017.56.09.jpeg,extensive
5210,08/02/2020,/rails/active_storage/blobs/eyJfcmFpbHMiOnsibWVzc2FnZSI6IkJBaHBBallVIiwiZXhwIjpudWxsLCJwdXIiOiJibG9iX2lkIn19--0383f4fa5267dc6391083eb8373bbc762336cfc5/IMG_8985.JPG,minimal
5227,15/02/2020,/rails/active_storage/blobs/eyJfcmFpbHMiOnsibWVzc2FnZSI6IkJBaHBBa2NVIiwiZXhwIjpudWxsLCJwdXIiOiJibG9iX2lkIn19--e767e7702688384bbd88ca2e75ca17bdb855c4fe/15-02-2020_i.jpg,extensive
